{"web":{"client_id":"871902554985-ek0972j41j4t7smgqjur3ia498t4a75a.apps.googleusercontent.com","project_id":"udacity-menu-project-231622","auth_uri":"https://accounts.google.com/o/oauth2/auth","token_uri":"https://oauth2.googleapis.com/token","auth_provider_x509_cert_url":"https://www.googleapis.com/oauth2/v1/certs","client_secret":"Znqt3B5drQlmNTgERFRb3YgP","redirect_uris":["http://localhost:5000","http://localhost:5000/login","http://localhost:5000/gconnect"],"javascript_origins":["http://localhost:5000"]}}